id,Data,MEMO,Valor
q1yy82p8nveazvorrursvius,31/05/2023,SALDO ANTERIOR,"0,00"
z8e08602si3xb64a6spqix50,01/06/2023,APLICACAO FINANCEIRA,"72.733,29"
xtqjr4a3xyf9x8ucrr6ihsgx,02/06/2023,APLICACAO FINANCEIRA,"35.546,32"
xbetiwllpjzeeca8u82s6ujn,05/06/2023,APLICACAO FINANCEIRA,"12.504,56"
wt2cgxw3naldvcedmy4m3z8d,06/06/2023,RESG.APLIC.FIN.AVISO PREV,"-5.996,19"
e71kxz41s32ppe0kjrtmd2me,09/06/2023,RESG.APLIC.FIN.AVISO PREV,"-8.849,83"
ts8tsfa3qy6ozsnn8fqoxr01,12/06/2023,APLICACAO FINANCEIRA,"19.304,76"
qddpunnyp9z69c6odruyh329,13/06/2023,RESG.APLIC.FIN.AVISO PREV,"-8.998,60"
hbsl6r3wall9hxjljs3q5g7v,14/06/2023,APLICACAO FINANCEIRA,"21.281,89"
iiuqebhfycxa1867ryqdqjmc,15/06/2023,RESG.APLIC.FIN.AVISO PREV,"-8.748,76"
iqst4tnrmx5wiwzzc12a8oyy,16/06/2023,APLICACAO FINANCEIRA,"95.924,61"
vhn2m91ib2finytldz6bjs0z,19/06/2023,RESG.APLIC.FIN.AVISO PREV,"-40.234,38"
aohrawv5zlbqku36llazljb4,19/06/2023,RESG.APLIC.FIN.AVISO PREV,"-35.602,24"
lghcl3hojtglx4p3gsbr7e5j,19/06/2023,RESG.APLIC.FIN.AVISO PREV,"-12.519,16"
ejw8jhcqy3dz0ebereqoyh3v,19/06/2023,RESG.APLIC.FIN.AVISO PREV,"-19.311,16"
knbp1i31tdxizpfi7tnrjhfv,19/06/2023,RESG.APLIC.FIN.AVISO PREV,"-21.284,89"
c44ofbec19rkl9yrf6ew61gc,19/06/2023,RESG.APLIC.FIN.AVISO PREV,"-51.784,33"
pmrfkkbhhye1p6ntfmwqx0e7,20/06/2023,RESG.APLIC.FIN.AVISO PREV,"-501,44"
t4cyjbapd5ra9k6ugmc0ozzk,21/06/2023,RESG.APLIC.FIN.AVISO PREV,"-400,00"
fdw3d7k9zhu0cbtde1vlphkt,22/06/2023,RESG.APLIC.FIN.AVISO PREV,"-1.420,00"
ndqb7zpzw5sol9hpveh71ymz,23/06/2023,RESG.APLIC.FIN.AVISO PREV,"-7.301,66"
wrvfky2q0yh995lqf9zg5oyv,26/06/2023,RESG.APLIC.FIN.AVISO PREV,"-2.647,76"
se5jwlnxcas15mxhm56wagj4,27/06/2023,RESG.APLIC.FIN.AVISO PREV,"-500,00"
vkl8y62cz74ukyq8t9ar0ybs,29/06/2023,RESG.APLIC.FIN.AVISO PREV,"-95,26"
etmnfui7vblfys93if7uq0y1,30/06/2023,APLICACAO FINANCEIRA,"14.844,92"
g6rpklopjlw5k1lmphgjqe9d,30/06/2023,juros,"180,61"
p1ou04wl5g7na4ost2hpz85k,03/07/2023,,"-18.582,75"
l4lz29urglnolj7yi9l83cjt,04/07/2023,,"18.819,46"
eibo2kjpqh3zc2fo27lcf1qi,05/07/2023,,"834,23"
rcvjlubcyk4fuljlupjlcatb,06/07/2023,,"-8.333,90"
kgo2rr3fwm7vznilz4xqrtw6,10/07/2023,,"-4.433,00"
flic2wvwsfjb2mn4z6yt5h97,10/07/2023,,"-8.847,99"
lajqrnkmgazpxxvcusddeufq,11/07/2023,,"-3.934,04"
l2aeiwnmkg7eyfvb3na2tgp7,12/07/2023,,"-124,96"
rnx1pri5vv865dwo146d3l8d,13/07/2023,,"45.455,48"
e6yus4a8f2w86d9m1bu589lm,14/07/2023,,"25.808,43"
v7bmvw8q0tasyt5f2h0k7sdt,17/07/2023,,"-1.949,22"
bilmwpe280nztz6hfnq4edbg,17/07/2023,,"-18.840,04"
nf8yb3fx02otrst8zym5yfg7,17/07/2023,,"-834,97"
wrhzcck3333q08rnzp1doddd,17/07/2023,,"-45.459,00"
ryvvp9s8wpblbjjkbvyi2zfq,17/07/2023,,"-13.685,06"
j1ydv2ujq46g2v0hd5b4b2uw,18/07/2023,,"-870,00"
hen5tt45qwnjzmzkd31yrttu,20/07/2023,,"-2.260,28"
k61bcexqk1n1jc5rzor8qxoz,21/07/2023,,"-2.400,00"
hmkbc6jc4u0anzixbw218ggv,24/07/2023,,"-3.107,33"
vd5wcbw42fqctowt4ve2g7ps,26/07/2023,,"-304,69"
y3yevac4pgp09apozjdv0svz,27/07/2023,,"-1.203,93"
yzy63noshrtqq23akujplkhe,28/07/2023,,"8.904,27"
xf9s2hf62kf1dj4o10jl8wpf,31/07/2023,,"-1.985,69"
y6l616fn6wgdilfk39z5u1ql,31/07/2023,,"-5.973,92"
dszam48lmfy9xpxvjgibek3i,31/07/2023,juros,"114,13"
justi4uh60tu2cdl4yb5xg3r,01/08/2023,,"-310,00"
abzsyc792bz21nl3iheo1hzx,02/08/2023,,"-14,84"
yfj71s0r8pbjn28ruok9ssy9,04/08/2023,,"97.349,00"
csm2ujr5y5xpmrw8ippn2vma,07/08/2023,,"-116,77"
azb48kfcdu9b8ogy2np9t8su,09/08/2023,,"-2.491,20"
jovedo971k02qjqodozroep2,09/08/2023,,"-2.753,67"
bin82bfd3fzu637ikef4up90,10/08/2023,,"-899,66"
kymj42cpkqtr06quxl8hixrx,11/08/2023,,"-4.744,63"
q2ks40hwv7cdi9yxdkxrzckr,14/08/2023,,"44.029,95"
shgrtac1tt0pqv9b1p4f6ude,15/08/2023,,"-3.272,00"
nn7x3ue2t3kfua7y7tom41ah,16/08/2023,,"-67.931,70"
k4k1rw9elxrrldhfsovu7hh1,18/08/2023,,"1.906,98"
cubiye5jb6egn1ozdrq50b80,21/08/2023,,"587,26"
c4tmpff7ix2a89pynrujz2m2,24/08/2023,,"7.568,85"
kfvdriimghfwjqx1qlypi3gn,25/08/2023,,"189,87"
fn3etis75yl8w69psy9phxq5,28/08/2023,,"-1.549,66"
odg6trpqowq1g62cllsi3v4i,29/08/2023,,"3.262,24"
up15aoigwqdwubsp4sawa4pb,30/08/2023,,"-1.509,00"
i5urxjyh64ytbvbwvbnsrgr3,31/08/2023,,"-35,08"
t99xmum2n2lvapp5jasv680z,31/08/2023,juros,"76,21"
l4uk963k4stb9f0bei5eojgu,04/09/2023,,"-9.391,48"
g3lku2rgj80363qqngogv7d5,05/09/2023,,"-672,32"
m0epcf1q7eb2awl8ps9lbyaj,08/09/2023,,"-400,00"
o7dp1zlzh2whixe4cxqhhq73,11/09/2023,,"-1.892,87"
q6d5xm6ckil2ztxnnwhh3dti,12/09/2023,,"169,45"
nstjr4oeh36s3onkl8kmdt2l,13/09/2023,,"69.461,41"
ni0omuks475qcjxo6e3k9o3l,14/09/2023,,"7.540,79"
rsoln7fge8zjtitoo7mb0vs7,15/09/2023,,"-2.461,18"
zg4hc11othhyfylb3tnfjuae,15/09/2023,,"-44.300,36"
t4sw92vb68k6ia36bq9xw79p,15/09/2023,,"-1.916,07"
yhd65dv0j3tx59fut9no6sn7,15/09/2023,,"-589,63"
ls8l15e6hs03dvt9qsujd9w1,15/09/2023,,"-7.591,26"
y7xehyxsgvfzff45op0pnqmm,15/09/2023,,"-190,36"
apa56ukbczlvhxv1aym671u8,15/09/2023,,"-3.268,20"
de6hrbxil56k48odsm96lqg1,15/09/2023,,"-169,47"
oqe1jud42krx91kph5xpdjie,15/09/2023,,"-39.594,99"
tesy7rc1fub9bx66sq3nztg0,18/09/2023,,"-200,00"
omexubul13ed4zszuqqgppxw,19/09/2023,,"-80,00"
ie69c41d4c7t2wm8jr4uxyd8,20/09/2023,,"-195,02"
wxoioogh7um4i3817x3sod2u,21/09/2023,,"1.870,72"
pnwrfvtr58s9l9vonbep824i,22/09/2023,,"-259,39"
me3ivnewuxnbfv13aiv30ydz,25/09/2023,,"-2.131,45"
zf79toro0cdaaiya91qtjfh8,26/09/2023,,"843,52"
imzp029x3lko3px4m6yybr37,29/09/2023,,"449,73"
k4pyaqxl5b0rmarvhlxyp073,30/09/2023,juros,"404,62"
typ5w4e4d8x9ghnuyj7qlt68,02/10/2023,,"-11.659,93"
hhm6nkmx3n1ig24slomkp7u5,03/10/2023,,"-814,80"
nxzqxmcgia4pudhpi92upcgb,04/10/2023,,"-172,00"
wlfft2egp0hbtri6iy0c1zs9,05/10/2023,,"2.953,56"
yspjua339a5xvtygfpoo1yjg,06/10/2023,,"-2.777,40"
fjsv1ukbnam67heghfsilv11,09/10/2023,,"-178,02"
sa02h31gf1xxw0e2x79d4x0u,10/10/2023,,"-1.812,44"
o2elc8sw2t40pjf44mx1mnzj,11/10/2023,,"-468,08"
wf9znkftuugxd7eco8piywfi,13/10/2023,,"60.115,80"
qovd9hsyc8n1ha7rvd53zfbx,16/10/2023,,"-9.222,16"
ehdqqmm07csfjk4qtma4vqqv,16/10/2023,,"-7.581,90"
bhpwbjbf2yedq75nm1sr92pq,16/10/2023,,"-1.877,19"
wjstfoy7d7rpyek995udjo3h,16/10/2023,,"-845,41"
kjsdm9tu9ajg1gmiue67phn8,16/10/2023,,"-450,40"
j5lvq6p2mnatyu81xd6eml5a,16/10/2023,,"-2.955,25"
o0yx48gp6zft156j2ny2wntx,16/10/2023,,"-48.755,36"
aqrlwk4jzff9qmq04xmrucrr,17/10/2023,,"-900,00"
evblsd6w2xxc9w75mt0qn5p4,19/10/2023,,"-4.000,00"
dm6cnghg01atk6qbfbksj7k1,20/10/2023,,"3.653,02"
dj2qbdkfn5p9jz2t9pgqyz2s,23/10/2023,,"-1.203,86"
sqbyho99ijwau6zkgygy5jvt,25/10/2023,,"1.192,29"
s58f10a4bg88nnpdpbatjcn5,26/10/2023,,"450,00"
w5gavkpmushr3rgw7qsgfs8x,30/10/2023,,"847,52"
gxwonu0kiigf3b039006ruw1,31/10/2023,,"-4.875,22"
pjyf6nc92hw7gqc4pgmd2v0a,31/10/2023,juros,"164,36"
o5m8qzwni41ne94l2ro3v1sg,01/11/2023,,"-394,02"
nnqjrb8m3zo6jahkqai8xyia,01/11/2023,,"-2.072,20"
c8vnuu1c2tmg1yzql728cp3v,03/11/2023,,"-1.584,25"
l9dby21bhjls0jwoxihnkh4j,03/11/2023,,"-375,55"
h15vt8fujyk03dlvb4nt5b48,06/11/2023,,"2.953,56"
l3qlhtq9qhtgye1jhzn6ow2m,07/11/2023,,"-34,74"
aip0j0k4zjt5dvrw5bgfbapw,09/11/2023,,"-180,00"
g7qykurioj0q9gd1nxp12h6w,10/11/2023,,"595,54"
z2iinfpyeyoibzqzzkrz80xn,13/11/2023,,"208,61"
kqsjffexpk3r4udfas1xtox9,14/11/2023,,"60.735,66"
urhzw3rwh80f5pmtzqscp5at,16/11/2023,,"-604,03"
vjrerb8kbvw0xj2iurolm5vb,16/11/2023,,"-451,03"
rgtkjscvr7vbr7fizu4uptq4,16/11/2023,,"-848,85"
im5b88bo5vrhjpn45dli45je,16/11/2023,,"-2.955,31"
a4szxlgc0whjdcp7uq43s8ik,16/11/2023,,"-595,64"
pmhul37uv6yk4kb1avtoi3k7,16/11/2023,,"-208,63"
e5bu30hvk7dlv1qfmzzc27oj,16/11/2023,,"-54.119,47"
w7gdrykqve0pixcrucfib9ra,17/11/2023,,"433,02"
lynr059fkkyhbiycbs9irjg4,20/11/2023,,"-930,22"
lnqg1e5s7c1v1uyjcthfa4h8,21/11/2023,,"563,75"
tfmhpwitau4be0act8uwcglx,22/11/2023,,"2.224,69"
i0sqq33xd3rhnp9d7j4uriry,24/11/2023,,"350,00"
ruqahz7teh17pwm83jad9ioc,27/11/2023,,"-399,00"
sc8s1f9riv1r4iaqxqn1oo9z,28/11/2023,,"2.013,29"
rmphvtdgig623eieljpdk3f8,29/11/2023,,"-5.294,95"
mpwk4ip1vv7otu5khsbdcswe,29/11/2023,,"-418,49"
tl2s8sbpgjny3mpjbp5hlnce,30/11/2023,,"-14,89"
n0vkoev0i1e1wqutvgbrhui7,30/11/2023,,"-540,11"
g8e5g5qroqe9f0glfwbbvehg,30/11/2023,juros,"19,16"
kyqbptszvyxzqeafweb3l62v,01/12/2023,,"-23,95"
cdmo4tvd29rhjohum5z92nau,01/12/2023,,"-2.225,85"
k7sjt4vb83ythl7gpmckjnbw,01/12/2023,,"-350,12"
agwsovwxqzdsik6zi5oooxdk,01/12/2023,,"-185,34"
p64g60wlolc6g3nqbirvndjk,04/12/2023,,"-1.678,35"
oesaobo8viw3c7ymvtf1mn28,05/12/2023,,"1.758,02"
gonj2putzjn3342tl5mu18vd,06/12/2023,,"-150,02"
qq2lyzoz62n68lnljfzof9uf,06/12/2023,,"-916,43"
zgjf7lmn97ajz9ii6r6kppxz,07/12/2023,,"-30,00"
dfmz3w3i7ddfc07fjwsqs7y4,11/12/2023,,"1.034,74"
quspns1b42anfax31cmdhbfi,12/12/2023,,"-139,00"
zw4a5u7kxh6p9spnku98uhbr,13/12/2023,,"917,80"
xhyl3pojkqb0cxr3hkrdix4v,14/12/2023,,"84.511,85"
tmteds06ogfzq8f96o7sgxeo,15/12/2023,,"-673,10"
qmyff16pvhyxx9x7n045t1j5,15/12/2023,,"-1.034,89"
hsymifz9x9411k6z8u173j7h,15/12/2023,,"-917,84"
lvo7yansrr31ix7gaxj8b9s3,15/12/2023,,"-71.097,60"
mfcgmsa3jqx8ny4wzaq93jcu,18/12/2023,,"-2.427,77"
sc3h50ibv0yz0t74gftsukbf,19/12/2023,,"-918,80"
phk39dr8j94eh7jsxysty9h4,20/12/2023,,"854,00"
xln5426i1py3kvv0n23sfupe,21/12/2023,,"-2.104,00"
r8b0onh3cgrnfs6ekjyp7nvk,22/12/2023,,"116,54"
uksk2dnbtuv2v7j58ited6b3,26/12/2023,,"3.254,79"
pfcas8tkj0xqug17zvji6u9k,28/12/2023,,"4.214,68"
wdutb2b6hoqq9nxeap42rspz,31/12/2023,juros,"4,00"
gdedpgj985qrto56f04hy8h9,02/01/2024,,"-7.978,59"
a0hx9vks33xljk2gdm40fex5,02/01/2024,,"-854,63"
gp8bdmusrtvzx67me76xkb92,02/01/2024,,"-116,60"
qxfcumdjcn2uv7ql2evx6amr,02/01/2024,,"-1.646,88"
nnjd5fb80o13aufv1mvu9931,03/01/2024,,"12.999,00"
tmbw1sfelhtpzsxhjsrkukpi,04/01/2024,,"-1.608,99"
rx9igoo2bo8wo8f406kagyg3,04/01/2024,,"-4.215,65"
mjbxvgo6epujz59vxg61mfa9,04/01/2024,,"-2.381,29"
khqes07a5379ince154ovax5,05/01/2024,,"-7.602,90"
tb2wrwqn1rsp25wbue357egl,08/01/2024,,"1.274,09"
syh7qtbv2ixwfby1o01g7j20,09/01/2024,,"1.110,00"
eloa0pb9h5t3x6eduhixbm8b,10/01/2024,,"-10,00"
eh0k1ujmmk5nyh529c7u5u0e,12/01/2024,,"256,47"
jhatfoh6rawkwoi2xptz2vr3,15/01/2024,,"2.245,31"
bisfvfr59owsymhbo6wnx4aw,16/01/2024,,"3.476,64"
r0sv87hxb7xg5pem65lumpxu,17/01/2024,,"5.070,22"
eb8i3bstbkzx9bzo14nw1mc9,19/01/2024,,"1.515,00"
gblbxnqp2yno02bnr4hpntnv,22/01/2024,,"7.223,78"
vqkj96arcebb8kcfrc2k98uv,25/01/2024,,"4.423,78"
ht26up06558q2pa8yhx959sq,26/01/2024,,"300,00"
l65lwxqgs5ev1mc8xh1c2j8o,29/01/2024,,"8.358,78"
uu743w5qfjifwndyofem6h0b,30/01/2024,,"-100,88"
fmyrn976kfhz2n051kciuh77,31/01/2024,juros,"16,79"
vg8lhfex6pyxp8rtm8iq6phv,01/02/2024,,"-2.918,73"
xoi4fz1em87nu0uby12gzbs3,01/02/2024,,"-1.278,46"
ndsn5zpi06640s0phzyo2rlc,01/02/2024,,"-1.113,46"
omhggtdn5brofo6vb7pxhba5,01/02/2024,,"-257,05"
try0nniwyzyfqw79k9fnwgqz,01/02/2024,,"-486,49"
vbnb9inyjzuwq4h9di1a03k5,05/02/2024,,"2.953,56"
k03xwibz8vjq3u5o8n235n4t,06/02/2024,,"-1.764,61"
rch2he73973lh190mi7fa5zx,06/02/2024,,"-3.485,26"
mcjbg0sgbaw6dys3mlnnx7c4,06/02/2024,,"-5.081,43"
yo43z2ixcuw1zmwawtbyogif,06/02/2024,,"-1.517,56"
it87jpj6fobkcgkajfz3o9n0,06/02/2024,,"-7.233,12"
qlr6sdtnhp3ccc4q6vgoms84,06/02/2024,,"-7,74"
p7nk96to5expkot3os3uafdb,07/02/2024,,"14.684,79"
f8ae4wbjtv24k6cnhfczbn9o,09/02/2024,,"-3.458,33"
ha2138si3386lpi2gd6jjg00,14/02/2024,,"3.151,70"
vmzgp4mjiixwlbluis9mghuw,15/02/2024,,"58.373,81"
cbyzmhe7erpnqz1wmwbeiuno,16/02/2024,,"-964,44"
nohf1f2usd9y3kjb77pm70va,16/02/2024,,"-300,63"
ybvu8aijz5xvmg9gfv7sf15n,16/02/2024,,"-8.372,66"
bplj9ndczxuok093v3v2z5gu,16/02/2024,,"-2.955,31"
selqybm2k27dswz4vukzf1bd,16/02/2024,,"-14.689,82"
bz281vhxtgpgrp0bs4olye20,16/02/2024,,"-3.151,81"
dbvmgefopedontcdxiqeazcj,16/02/2024,,"-25.084,35"
r517tn0hok0q6dbwsf7lv4tw,19/02/2024,,"-190,10"
e8o8pyut1mlxss27rng85iu5,20/02/2024,,"980,86"
i40mvlj8a8z6r3a6zt59yyqt,21/02/2024,,"-4.189,00"
s7186szg4cyfswsjez5vi1rg,22/02/2024,,"13.096,31"
ihetn92hoffq9jslzmidd78a,26/02/2024,,"3.000,44"
fr5k8p06tnnt48l1cuzcxrcc,28/02/2024,,"1.263,24"
bovg4lgxz1o7ckir8i1ovjdm,29/02/2024,,"-2.499,00"
bcsrrkdxmkwistyvvrdy8156,29/02/2024,juros,"91,85"
r9dqhbkknfput3rn8d9a3mjv,01/03/2024,,"-165,00"
boqji8902mys0vj2h0kokkwv,04/03/2024,,"-7.878,09"
r5yioap0rpxcuc8t8v2hf2dt,06/03/2024,,"-13.303,44"
lukcesis5jjuls876wi6iki4,07/03/2024,,"15.627,66"
drlxj0ze7lwq6xbei297jhd6,08/03/2024,,"1.748,00"
i0spl09pi1ppmq18i3ib2rxa,11/03/2024,,"-5.126,71"
bog9dnaxsq2l1vajw2rty1vf,11/03/2024,,"-206,12"
rs7n5qca4fs2t8fg5kpq3pid,12/03/2024,,"1.428,75"
gijfjkjebaclhv374mq5o1vn,13/03/2024,,"3.057,62"
kn50s1mb8coaaq13re5j0oaw,14/03/2024,,"-777,50"
x87xkbdmdg1or5swef4rlkk4,14/03/2024,,"-1.721,50"
ghd9zsl5682fi77bze6njwoy,15/03/2024,,"-11.409,65"
oy1b8aha0sm89diukvcqa1r7,15/03/2024,,"-3.006,19"
nehlpublmzqkdqvm6jzc96ws,15/03/2024,,"-1.265,11"
k9k6pmznn1m06zd21y5jxj9f,15/03/2024,,"-10.138,15"
hl7ggyw3fnjnudaxplm1tvxk,20/03/2024,,"3.559,48"
vyuyjpmqtxw9ekhbgq4aug2l,21/03/2024,,"-2.236,52"
ggh3494cg4civ1aqrbcswlby,25/03/2024,,"-676,42"
py2fxcsduc34yvgwom1y8wec,26/03/2024,,"4.422,78"
dkt5wur2p4cku82ctecz9nae,27/03/2024,,"1.191,76"
dy1gnoqf1360o61u3j434h8t,28/03/2024,,"9.632,39"
uujtl5fjqj0g63c5fs8mty2t,31/03/2024,juros,"110,64"
cvzx2hja3vdrpv22q2w2hmcc,01/04/2024,RESG.APLIC.FIN.AVISO PREV - CAPTACAO,"-2.591,61"
oq58ahocf5e1jg7wy1nkime2,01/04/2024,RESG.APLIC.FIN.AVISO PREV - CAPTACAO,"-1.752,71"
vnv9n9kobdbsxj65hkbjjogd,01/04/2024,RESG.APLIC.FIN.AVISO PREV - CAPTACAO,"-1.431,54"
pwsqssj021m96sdcpgce86kn,01/04/2024,RESG.APLIC.FIN.AVISO PREV - CAPTACAO,"-455,68"
mtuetpytxkmwdnng7yfw61lc,02/04/2024,RESG.APLIC.FIN.AVISO PREV - CAPTACAO,"-555,00"
ahg6vdb4ban0q6mhs5xz2zqg,04/04/2024,RESG.APLIC.FIN.AVISO PREV - CAPTACAO,"-800,00"
tb93sbdaqbpcj1mnx2fjjspw,05/04/2024,RESG.APLIC.FIN.AVISO PREV - CAPTACAO,"-1.254,20"
cly9jazobuhr4t6to9omrsod,05/04/2024,RESG.APLIC.FIN.AVISO PREV - CAPTACAO,"-3.564,12"
stgotkx64mmzjs5xtcxrm3vb,05/04/2024,RESG.APLIC.FIN.AVISO PREV - CAPTACAO,"-2.570,17"
pivgli8flqoa5xn5mmwbh8un,08/04/2024,RESG.APLIC.FIN.AVISO PREV - CAPTACAO,"-253,80"
lzj1qzp6jtk5t5n2dde8sttx,10/04/2024,APLICACAO FINANCEIRA - CAPTACAO,"1.736,00"
w5f0xkie8xn3gfnsw4hd1x6e,12/04/2024,APLICACAO FINANCEIRA - CAPTACAO,"2.208,83"
rd9u8hx0cvyvf36urriy4ajq,15/04/2024,APLICACAO FINANCEIRA - CAPTACAO,"33.993,21"
b66v0mhni50mzbvjsdcc9yeu,16/04/2024,RESG.APLIC.FIN.AVISO PREV - CAPTACAO,"-1.603,78"
it9yduheyxwor7u9ynoeau27,16/04/2024,RESG.APLIC.FIN.AVISO PREV - CAPTACAO,"-1.194,04"
cv27z1x0ppnsnkz3j29ad5ed,16/04/2024,RESG.APLIC.FIN.AVISO PREV - CAPTACAO,"-9.648,54"
zvxxvypu9wo6vve31flh8jcv,16/04/2024,RESG.APLIC.FIN.AVISO PREV - CAPTACAO,"-1.736,31"
sg7gd6ee4jn8r0kk46ga5j17,16/04/2024,RESG.APLIC.FIN.AVISO PREV - CAPTACAO,"-2.208,98"
hcu4nxtb4u9vrokgujahd7eh,16/04/2024,RESG.APLIC.FIN.AVISO PREV - CAPTACAO,"-8.670,19"
qekx31yzu37qom762ngjeswf,18/04/2024,APLICACAO FINANCEIRA - CAPTACAO,"2.663,98"
wzvet5y1he7x4g071eoyiy1r,19/04/2024,APLICACAO FINANCEIRA - CAPTACAO,"1.525,85"
yp95poo8g3om7a1j5f5gtw3m,22/04/2024,RESG.APLIC.FIN.AVISO PREV - CAPTACAO,"-58,45"
o3srx0umxf01wz0946b88uzm,25/04/2024,APLICACAO FINANCEIRA - CAPTACAO,"4.422,78"
lo7cgtm4sywgffp9tjp4gjt0,26/04/2024,RESG.APLIC.FIN.AVISO PREV - CAPTACAO,"-4.167,09"
ovz5z07n0ma1kqc2gshhv27q,29/04/2024,APLICACAO FINANCEIRA - CAPTACAO,"1.262,24"
sbjqqrsprdlymmuun7ucm7gz,30/04/2024,APLICACAO FINANCEIRA - CAPTACAO,"5.275,52"
ob6icmycqajyfy2lxe11u1f8,30/04/2024,Juros,"85,60"
dxlgj8z0szz9danavs6rsb4s,02/05/2024,APLICACAO FINANCEIRA - CAPTACAO,"4.100,10"
at3ykj7ld2l6aq0kjrmmbn5j,03/05/2024,APLICACAO FINANCEIRA - CAPTACAO,"3.411,96"
sh8ic73i3j4um8iain31llhw,06/05/2024,RESG.APLIC.FIN.AVISO PREV - CAPTACAO,"-15.134,56"
it7l92pvr6akyx204te5vbwx,08/05/2024,APLICACAO FINANCEIRA - CAPTACAO,"1.747,00"
s1uufzwxx7yjb1cnacr4tw5r,10/05/2024,APLICACAO FINANCEIRA - CAPTACAO,"1.490,75"
hwv372ivf21vhshzcvkh9bdz,13/05/2024,APLICACAO FINANCEIRA - CAPTACAO,"3.163,70"
q29xui36l38w29scz1z9deyg,14/05/2024,RESG.APLIC.FIN.AVISO PREV - CAPTACAO,"-2.777,60"
hfgsorqhjurcz87r303xi6co,20/05/2024,APLICACAO FINANCEIRA - CAPTACAO,"125,66"
p1ej8llbjhbcmkrh387v4v4v,21/05/2024,APLICACAO FINANCEIRA - CAPTACAO,"918,00"
sen23pz2ktaxvga2cedjqbcv,23/05/2024,RESG.APLIC.FIN.AVISO PREV - CAPTACAO,"-3.251,38"
gydcqr25qhx9gf4mhl8wepqe,23/05/2024,RESG.APLIC.FIN.AVISO PREV - CAPTACAO,"-979,30"
g264plvp42j4mvlxzpcwgw0w,24/05/2024,APLICACAO FINANCEIRA - CAPTACAO,"449,00"
jlgtey2j2i691pp2o23mawq4,27/05/2024,APLICACAO FINANCEIRA - CAPTACAO,"4.423,78"
fvp8kiflqe9m1w41ip5dap27,29/05/2024,APLICACAO FINANCEIRA - CAPTACAO,"31.614,49"
zvv3vsgwzjfwlaxuyxguvb7u,31/05/2024,APLICACAO FINANCEIRA - CAPTACAO,"5.435,41"
ukg46yudtbn0bkuk66lh8y4k,30/05/2024,Juros,"160,00"
d32xqu9kyy4n45jx245dqdza,04/06/2024,RESG.APLIC.FIN.AVISO PREV - CAPTACAO,"-1.701,05"
ujtbmpjatnrumm690nlkgd5g,04/06/2024,RESG.APLIC.FIN.AVISO PREV - CAPTACAO,"-1.535,74"
ag1h3hwj8y1vhi4eduqesfh5,04/06/2024,RESG.APLIC.FIN.AVISO PREV - CAPTACAO,"-4.447,55"
rzvnoyik9sue6rpcq6akoqj5,04/06/2024,RESG.APLIC.FIN.AVISO PREV - CAPTACAO,"-1.268,74"
ep8uyvktt8ic8h1umkrx8e4m,04/06/2024,RESG.APLIC.FIN.AVISO PREV - CAPTACAO,"-5.301,59"
tem3hpj16xiicfp9etlsd2h7,04/06/2024,RESG.APLIC.FIN.AVISO PREV - CAPTACAO,"-4.119,47"
xm0zcdq503dizle8q6otui4v,04/06/2024,RESG.APLIC.FIN.AVISO PREV - CAPTACAO,"-3.427,33"
np4ppkgsjcsianc9qj510rse,04/06/2024,RESG.APLIC.FIN.AVISO PREV - CAPTACAO,"-264,47"
ug9jv6b9cap0okkfv1qi6ifw,05/06/2024,APLICACAO FINANCEIRA - CAPTACAO,"2.953,56"
yegen5aihccr73bxpadf8mqh,06/06/2024,RESG.APLIC.FIN.AVISO PREV - CAPTACAO,"-1.489,60"
bguwvkj4rhji4489nehva0l6,06/06/2024,RESG.APLIC.FIN.AVISO PREV - CAPTACAO,"-1.495,91"
krxj02gpf0hro770xiefujqv,06/06/2024,RESG.APLIC.FIN.AVISO PREV - CAPTACAO,"-3.172,88"
derwpvr7kd53qsgjc97yzxw8,06/06/2024,RESG.APLIC.FIN.AVISO PREV - CAPTACAO,"-125,85"
h8pt8i708r1dvsd4dp9v1hpx,06/06/2024,RESG.APLIC.FIN.AVISO PREV - CAPTACAO,"-919,17"
xzbjh23z9eqkfmwppx5fidi1,06/06/2024,RESG.APLIC.FIN.AVISO PREV - CAPTACAO,"-449,35"
wdynxn71fims5301yb3w5mi6,06/06/2024,RESG.APLIC.FIN.AVISO PREV - CAPTACAO,"-4.426,03"
i53irya15wjcufuqt3xoquto,06/06/2024,RESG.APLIC.FIN.AVISO PREV - CAPTACAO,"-18.920,21"
ozue5mscdzma2si4eabktzwz,10/06/2024,RESG.APLIC.FIN.AVISO PREV - CAPTACAO,"-321,20"
foek9lhmfrptdavtaqpqajq4,11/06/2024,RESG.APLIC.FIN.AVISO PREV - CAPTACAO,"-6.976,35"
dju4aqsy3mtnmozo0d743x5g,12/06/2024,APLICACAO FINANCEIRA - CAPTACAO,"1.750,75"
sddn8fha3b34iktk6s7t3jjk,13/06/2024,APLICACAO FINANCEIRA - CAPTACAO,"1.350,00"
b4oyecmhpnsde5lld31qnxzg,14/06/2024,RESG.APLIC.FIN.AVISO PREV - CAPTACAO,"-3.037,80"
t7omzl397zu67zsg6dhmwm9q,17/06/2024,RESG.APLIC.FIN.AVISO PREV - CAPTACAO,"-71,48"
e5gyrbh4ridloa5j56t3ofa4,18/06/2024,APLICACAO FINANCEIRA - CAPTACAO,"49.072,98"
tkmpweaitbniltb4jgo0yrl3,19/06/2024,RESG.APLIC.FIN.AVISO PREV - CAPTACAO,"-2.307,14"
wowl2e9g1h016eoepqmc0wg8,19/06/2024,RESG.APLIC.FIN.AVISO PREV - CAPTACAO,"-5.445,06"
qfe8wow3om63z8sy4fupa8wj,19/06/2024,RESG.APLIC.FIN.AVISO PREV - CAPTACAO,"-2.956,53"
veyaryfw7jrwfc26qctsclss,19/06/2024,RESG.APLIC.FIN.AVISO PREV - CAPTACAO,"-1.751,21"
aqa94qo7xo716qu3w9nyxgdo,19/06/2024,RESG.APLIC.FIN.AVISO PREV - CAPTACAO,"-1.350,24"
gaw5vsm5b159ny1c27gwmxnw,19/06/2024,RESG.APLIC.FIN.AVISO PREV - CAPTACAO,"-1.188,82"
e962nipxk089ga0eyqh1qiy2,20/06/2024,APLICACAO FINANCEIRA - CAPTACAO,"4.755,87"
t22rovbm7pg2k2d0itn64irk,24/06/2024,RESG.APLIC.FIN.AVISO PREV - CAPTACAO,"-8.360,37"
fsnvho8qg2l6zyr35zgcge1d,25/06/2024,RESG.APLIC.FIN.AVISO PREV - CAPTACAO,"-3.084,07"
x2174au9nhqbaqnt9r1d7bnl,26/06/2024,APLICACAO FINANCEIRA - CAPTACAO,"4.872,78"
x49gawue0ch0xtskes8n3q48,28/06/2024,APLICACAO FINANCEIRA - CAPTACAO,"495,00"
qdidwvntfwiqw7lgufjc212m,30/06/2024,Juros,"81,35"
u667u567cgxn0v536trrku8z,01/07/2024,RESG.APLIC.FIN.AVISO PREV - CAPTACAO,"-10.434,66"
osomwblfv9zjn5kiy5rrgqkx,03/07/2024,RESG.APLIC.FIN.AVISO PREV - CAPTACAO,"-1.132,00"
z59zmgp5jytwp480mfwnijpu,05/07/2024,RESG.APLIC.FIN.AVISO PREV - CAPTACAO,"-17.208,11"
y9z2k4j9iosy9yolkxo51zwi,08/07/2024,APLICACAO FINANCEIRA - CAPTACAO,"249,00"
y07m809rgfu07sg9hbffnflz,10/07/2024,RESG.APLIC.FIN.AVISO PREV - CAPTACAO,"-10,00"
n3jnlroqok2vh8pijmlqy1sp,11/07/2024,APLICACAO FINANCEIRA - CAPTACAO,"1.747,00"
y3i5njlw0vbdr2g1dsvvu561,12/07/2024,APLICACAO FINANCEIRA - CAPTACAO,"3.445,45"
c55yu4hu0xbix1fbs3m95qr8,15/07/2024,RESG.APLIC.FIN.AVISO PREV - CAPTACAO,"-7.722,64"
xyes1kppp6o4zna89plhpycu,15/07/2024,RESG.APLIC.FIN.AVISO PREV - CAPTACAO,"-492,94"
w6snc97jruvo3atjrmbbh0yr,16/07/2024,RESG.APLIC.FIN.AVISO PREV - CAPTACAO,"-144,71"
mm74ccijb467schxepw2w75o,19/07/2024,APLICACAO FINANCEIRA - CAPTACAO,"980,86"
gscexcymwmmein192j4lahzz,22/07/2024,APLICACAO FINANCEIRA - CAPTACAO,"68.912,51"
bgc453kbwabizbesqz4eoalq,23/07/2024,RESG.APLIC.FIN.AVISO PREV - CAPTACAO,"-119,48"
l9ich9hhu8lpr1gekloj5d46,25/07/2024,APLICACAO FINANCEIRA - CAPTACAO,"5.232,78"
zuwdemkrrmwctpo9gbev1jm5,26/07/2024,APLICACAO FINANCEIRA - CAPTACAO,"450,00"
v7bp2klva7uc3dbtc179hp32,29/07/2024,APLICACAO FINANCEIRA - CAPTACAO,"1.263,24"
qtiixdwlphenii5k5ne2xuo1,30/07/2024,RESG.APLIC.FIN.AVISO PREV - CAPTACAO,"-399,00"
wv5iznu4h1yrfgyejdu92deb,30/07/2024,juros,"39,55"
d47j7ffmd5tpv1do9vcvjczz,31/07/2024,APLICACAO FINANCEIRA,"264,00"
fpov73mk8trra5tp8i38lhx5,01/08/2024,RESG.APLIC.FIN.AVISO PREV - CAPTACAO,"-3.627,82"
kdaxo8x4bvjdlvameuok869n,01/08/2024,RESG.APLIC.FIN.AVISO PREV - CAPTACAO,"-4.899,86"
bofvj5nok5gbngoxh4cy3jl2,01/08/2024,RESG.APLIC.FIN.AVISO PREV - CAPTACAO,"-153,16"
j14es40qkq3cnw2qvad506h0,02/08/2024,RESG.APLIC.FIN.AVISO PREV - CAPTACAO,"-344,45"
plc4dr75dstkcv4p5pqhan23,02/08/2024,RESG.APLIC.FIN.AVISO PREV - CAPTACAO,"-249,85"
kksq8xg6yeoeu2jxf6a1512u,02/08/2024,RESG.APLIC.FIN.AVISO PREV - CAPTACAO,"-805,70"
ufb3f5wuwcn1dofzbbz4eqt3,05/08/2024,APLICACAO FINANCEIRA - CAPTACAO,"1.402,56"
snoxs5m3th7g70owyzdbb18a,07/08/2024,APLICACAO FINANCEIRA - CAPTACAO,"1.748,00"
o7j8f1gnu9de98en2cnqk4gi,12/08/2024,RESG.APLIC.FIN.AVISO PREV - CAPTACAO,"-947,78"
p51gfwb17ll7uuq57ijyg5oi,12/08/2024,RESG.APLIC.FIN.AVISO PREV - CAPTACAO,"-3.460,91"
jdcylqqzspj2ad6y5metx1bx,12/08/2024,RESG.APLIC.FIN.AVISO PREV - CAPTACAO,"-983,54"
tb03e4tbi99pmk5kr4mw3feb,12/08/2024,RESG.APLIC.FIN.AVISO PREV - CAPTACAO,"-9.027,69"
b2bu0ziigji3cvkqrdyw1rxg,13/08/2024,APLICACAO FINANCEIRA - CAPTACAO,"1.812,70"
wtuddzukxhuz4um0cfq16cw1,14/08/2024,APLICACAO FINANCEIRA - CAPTACAO,"61.603,82"
dfh4wm218kakk1mkooo9s973,15/08/2024,RESG.APLIC.FIN.AVISO PREV - CAPTACAO,"-768,29"
pvso1mgriiystyfvrsfmux6i,20/08/2024,APLICACAO FINANCEIRA - CAPTACAO,"980,86"
qgkp70mcb9npinngsvi3122f,21/08/2024,RESG.APLIC.FIN.AVISO PREV - CAPTACAO,"-3.973,07"
t6ejb28lgssx0bwkmubevpfl,22/08/2024,RESG.APLIC.FIN.AVISO PREV - CAPTACAO,"-7.622,22"
rk9lexxae3e8bzbpmo1amalh,23/08/2024,RESG.APLIC.FIN.AVISO PREV - CAPTACAO,"-28.495,56"
k3fohq92y6bq0lum3j2b9tl7,26/08/2024,APLICACAO FINANCEIRA - CAPTACAO,"5.451,24"
p0nzlbd1abaj5ps0w1onzlhg,28/08/2024,RESG.APLIC.FIN.AVISO PREV - CAPTACAO,"-729,00"
ddc6zzvwxjm3rhc9t4o06ann,29/08/2024,APLICACAO FINANCEIRA - CAPTACAO,"1.262,24"
pjez0o7zvc1ntom6zvug6pqn,30/08/2024,APLICACAO FINANCEIRA - CAPTACAO,"495,00"
sf7e0rfgvji2qqzcefnwr2rh,31/08/2024,Juros,"306,27"
oodke0tckthn2qbbbn3awoz4,02/09/2024,RESG.APLIC.FIN.AVISO PREV - CAPTACAO,"-18.643,55"
zfoc2926vc1ee3fkyawj1qbs,02/09/2024,RESG.APLIC.FIN.AVISO PREV - CAPTACAO,"-5.262,98"
wpxhggsi2h52v0dx3nk9wqac,02/09/2024,RESG.APLIC.FIN.AVISO PREV - CAPTACAO,"-452,49"
qrlthowq17g8b6zmotgo74l4,02/09/2024,RESG.APLIC.FIN.AVISO PREV - CAPTACAO,"-1.269,98"
jdtmyaxz2e3sml34nxvvkzm9,02/09/2024,RESG.APLIC.FIN.AVISO PREV - CAPTACAO,"-265,30"
dobrkhni171m2p3fa434xfq5,02/09/2024,RESG.APLIC.FIN.AVISO PREV - CAPTACAO,"-1.408,20"
l4vgjuwhg4h604z73xhq0kb2,02/09/2024,RESG.APLIC.FIN.AVISO PREV - CAPTACAO,"-1.753,85"
jd3jhcrf3ap2cpydje3bno33,02/09/2024,RESG.APLIC.FIN.AVISO PREV - CAPTACAO,"-1.816,33"
o0cbgeash49iu8e37mfns26g,02/09/2024,RESG.APLIC.FIN.AVISO PREV - CAPTACAO,"-38.308,97"
ht6eoumyrfi9vq4v3w3bi9fz,03/09/2024,RESG.APLIC.FIN.AVISO PREV - CAPTACAO,"-6.720,00"
pj4dsr492h8zdpsffuy5jz85,05/09/2024,APLICACAO FINANCEIRA - CAPTACAO,"2.953,56"
shgtj8bdt6acoisr5zswig1j,10/09/2024,APLICACAO FINANCEIRA - CAPTACAO,"1.567,23"
j48y0zgfrfq7s6o5lsyjwzql,12/09/2024,APLICACAO FINANCEIRA - CAPTACAO,"1.751,75"
k3zw44o5uwymd3rrry9razz4,13/09/2024,APLICACAO FINANCEIRA - CAPTACAO,"3.163,70"
ddb2c46iyuhj7nbajlkzjuv5,16/09/2024,RESG.APLIC.FIN.AVISO PREV - CAPTACAO,"-1.984,80"
yr7nrqn9imlgf5pfeigooie8,17/09/2024,RESG.APLIC.FIN.AVISO PREV - CAPTACAO,"-261,23"
gw5lc7enhz61l3x8s3rlsrm6,20/09/2024,APLICACAO FINANCEIRA - CAPTACAO,"980,86"
qalewv88or7uklpl0nrlle8h,24/09/2024,RESG.APLIC.FIN.AVISO PREV - CAPTACAO,"-1.499,00"
brpxvkc2a3ejabknv4orcac6,25/09/2024,APLICACAO FINANCEIRA - CAPTACAO,"8.320,27"
nk9518qqoley1h4txx2cf8gk,26/09/2024,APLICACAO FINANCEIRA - CAPTACAO,"220,00"
spij0iwfxqkimcgmvmircugp,27/09/2024,APLICACAO FINANCEIRA - CAPTACAO,"1.263,24"
btohjg4vr1d3yxdjd9tykfjg,30/09/2024,APLICACAO FINANCEIRA - CAPTACAO,"495,00"
urqe90cop07q3u4vyu9cqwxc,30/09/2024,juros bancários,"438,94"
vucpyymer5he81ahda17pxon,01/10/2024,RESG.APLIC.FIN.AVISO PREV - CAPTACAO,"-6.797,40"
umfbm6fcxxca8jh931xw2rb8,03/10/2024,RESG.APLIC.FIN.AVISO PREV - CAPTACAO,"-5.853,44"
el9zzobkhsz49xkrs4gjqctw,07/10/2024,APLICACAO FINANCEIRA - CAPTACAO,"3.079,41"
x0xsvypgq8vqq6ronub4q51v,10/10/2024,RESG.APLIC.FIN.AVISO PREV - CAPTACAO,"-378,36"
kosqnnz6p5m2iy8d9vdnn8bg,10/10/2024,RESG.APLIC.FIN.AVISO PREV - CAPTACAO,"-988,68"
g3gykdhl6drj8qfrwm9k0i6m,10/10/2024,RESG.APLIC.FIN.AVISO PREV - CAPTACAO,"-5.490,12"
x1sc0833ykezqhm4dlm56t7o,10/10/2024,RESG.APLIC.FIN.AVISO PREV - CAPTACAO,"-1.270,42"
s3njft3y7rio101mxg8yqtvb,10/10/2024,RESG.APLIC.FIN.AVISO PREV - CAPTACAO,"-498,10"
b2qm7ozhj6nuwf3nsh5uhchz,10/10/2024,RESG.APLIC.FIN.AVISO PREV - CAPTACAO,"-2.969,55"
h2r73dw4jod3kkb6rzk6g00q,10/10/2024,RESG.APLIC.FIN.AVISO PREV - CAPTACAO,"-1.414,77"
jqq1u8jx533xugknkxelotgu,11/10/2024,APLICACAO FINANCEIRA - CAPTACAO,"2.799,32"
j6e40515xywqlfjop9nqb7be,14/10/2024,APLICACAO FINANCEIRA - CAPTACAO,"49.611,69"
bbbozbo2u2e7at3ramwdr8mq,15/10/2024,RESG.APLIC.FIN.AVISO PREV - CAPTACAO,"-160,05"
s79pxuv2oqxvw5kxpstvimed,15/10/2024,RESG.APLIC.FIN.AVISO PREV - CAPTACAO,"-1.760,50"
fhzwwce3kzpp231zrpggl1zd,15/10/2024,RESG.APLIC.FIN.AVISO PREV - CAPTACAO,"-3.178,85"
ugd3d06fkdk0dxf3m0zn6vrq,15/10/2024,RESG.APLIC.FIN.AVISO PREV - CAPTACAO,"-983,92"
wsh2j2w4xcxmwn87ujdbrvii,15/10/2024,RESG.APLIC.FIN.AVISO PREV - CAPTACAO,"-8.337,32"
h9aa2r0nkt84wv0414lf8ez5,15/10/2024,RESG.APLIC.FIN.AVISO PREV - CAPTACAO,"-220,40"
z3xzaw1k0qtzch20qek300l9,15/10/2024,RESG.APLIC.FIN.AVISO PREV - CAPTACAO,"-1.265,23"
khpghxu63kwkdqff1jjlzvz2,15/10/2024,RESG.APLIC.FIN.AVISO PREV - CAPTACAO,"-495,60"
dh9hr1mn78rm55bz6a1qu2h0,15/10/2024,RESG.APLIC.FIN.AVISO PREV - CAPTACAO,"-3.080,51"
hfe8wqjnp99nn1pvobpt2cqp,15/10/2024,RESG.APLIC.FIN.AVISO PREV - CAPTACAO,"-2.799,50"
oyyti2eu8qnbw8ejkg8oukx5,15/10/2024,RESG.APLIC.FIN.AVISO PREV - CAPTACAO,"-26.675,26"
ziwo7x0w75pzdpdtgd0u1tuf,16/10/2024,RESG.APLIC.FIN.AVISO PREV - CAPTACAO,"-777,52"
a0rjx6kou616zssf9wscmo7h,17/10/2024,APLICACAO FINANCEIRA - CAPTACAO,"3.728,12"
iqgodnv8e2g4i6lebsn720jn,18/10/2024,RESG.APLIC.FIN.AVISO PREV - CAPTACAO,"-917,14"
swl1njh8aglabg96jkmf3u8h,21/10/2024,RESG.APLIC.FIN.AVISO PREV - CAPTACAO,"-639,45"
jyq3ule7qrpp42c9x6nkzs5j,22/10/2024,RESG.APLIC.FIN.AVISO PREV - CAPTACAO,"-38,00"
mjy8q7uvo5o9sv3qb5r42axj,23/10/2024,APLICACAO FINANCEIRA - CAPTACAO,"999,00"
z1p77z8zhc6x72uzpatqahgn,25/10/2024,APLICACAO FINANCEIRA - CAPTACAO,"6.262,24"
he0lldsqb858gil5vy2lmqur,28/10/2024,RESG.APLIC.FIN.AVISO PREV - CAPTACAO,"-7.288,19"
nqtwts7bzivbgxs6fwbllc24,29/10/2024,APLICACAO FINANCEIRA - CAPTACAO,"1.262,24"
blcellivf0y0f4gj2n5iyyli,30/10/2024,RESG.APLIC.FIN.AVISO PREV - CAPTACAO,"-324,00"
yklk32dxvceo6vkydygn4fyb,31/10/2024,juros bancários,"102,17"
ebl2ogikw9coa3whkes7uz2g,01/11/2024,RESG.APLIC.FIN.AVISO PREV - CAPTACAO,"-88,81"
g1cf9t404spgub92qwzgfbb7,04/11/2024,RESG.APLIC.FIN.AVISO PREV - CAPTACAO,"-320,00"
js9gicl3kdo3eacg0xaw71xv,05/11/2024,APLICACAO FINANCEIRA - CAPTACAO,"444,06"
bahxfoar4nwhlyhniej7vy2f,06/11/2024,RESG.APLIC.FIN.AVISO PREV - CAPTACAO,"-4.764,20"
n4farqh2tpvcm0cddrn5tiw4,07/11/2024,RESG.APLIC.FIN.AVISO PREV - CAPTACAO,"-1.200,00"
zpwp5rhics6j5hef0e7qtv11,11/11/2024,RESG.APLIC.FIN.AVISO PREV - CAPTACAO,"-614,17"
cf930qq9l9pcgki00cf26f0t,12/11/2024,APLICACAO FINANCEIRA - CAPTACAO,"5.460,22"
uzx7f30g14a6m7j5ea3bmbk4,14/11/2024,APLICACAO FINANCEIRA - CAPTACAO,"1.350,00"
u8l1yckwnayny8gysaqv9hm8,18/11/2024,RESG.APLIC.FIN.AVISO PREV - CAPTACAO,"-1.659,03"
yh85uqj18hmotpz511fqybnc,19/11/2024,APLICACAO FINANCEIRA - CAPTACAO,"3.160,90"
wjpwtbb9oagylbz6v981pfg3,21/11/2024,RESG.APLIC.FIN.AVISO PREV - CAPTACAO,"-4.369,02"
mqm78z1imeuq9vu7pi8c964u,21/11/2024,RESG.APLIC.FIN.AVISO PREV - CAPTACAO,"-1.192,68"
tb1it3ssfdd3miro1vh2porx,22/11/2024,RESG.APLIC.FIN.AVISO PREV - CAPTACAO,"-2.555,06"
whk2j2fwsay8sj0fieqacuwm,22/11/2024,RESG.APLIC.FIN.AVISO PREV - CAPTACAO,"-1.003,45"
dj9q4nu3enkulfrr66v52phn,22/11/2024,RESG.APLIC.FIN.AVISO PREV - CAPTACAO,"-5.297,29"
lzkshfyxqxlciyaiw9h5c4k8,25/11/2024,RESG.APLIC.FIN.AVISO PREV - CAPTACAO,"-989,08"
t0eeeqxzg8odkwd87vkxuw88,25/11/2024,RESG.APLIC.FIN.AVISO PREV - CAPTACAO,"-663,13"
ra2w8ys6xwzwj1p2wx266pd8,26/11/2024,APLICACAO FINANCEIRA - CAPTACAO,"15.912,87"
k7d6u9fav8m7v96v3vr3b1z2,27/11/2024,RESG.APLIC.FIN.AVISO PREV - CAPTACAO,"-199,00"
kf16yc6babkeolloifqsouqa,28/11/2024,RESG.APLIC.FIN.AVISO PREV - CAPTACAO,"-99,64"
y3m0s90d05ow8s0pqbhg5gci,29/11/2024,APLICACAO FINANCEIRA - CAPTACAO,"1.679,67"
ubwvlhrgpe4d6c04qqpfcqg9,30/11/2024,Juros Bancários,"95,46"
w0cmkimei17py9xllg6lau5w,2/12/2024,RESG.APLIC.FIN.AVISO PREV - CAPTACAO,"-287,21"
m31xxef30cee6t5x3poglode,3/12/2024,RESG.APLIC.FIN.AVISO PREV - CAPTACAO,"-18,31"
oupd66mxjo5ryb9qqc7nigp8,3/12/2024,RESG.APLIC.FIN.AVISO PREV - CAPTACAO,"-445,77"
fokoejjdwd51vth3o7331o99,3/12/2024,RESG.APLIC.FIN.AVISO PREV - CAPTACAO,"-5.068,32"
y3zlmteh6fn1crx17d0ezxx2,4/12/2024,RESG.APLIC.FIN.AVISO PREV - CAPTACAO,"-403,36"
eq82yfs28xezidjak74k285v,4/12/2024,RESG.APLIC.FIN.AVISO PREV - CAPTACAO,"-546,64"
svxcqt6ilzzb4us5kx7u5rqf,5/12/2024,RESG.APLIC.FIN.AVISO PREV - CAPTACAO,"-806,03"
ls2gxuc0lu9n2s2mxwv3437r,5/12/2024,RESG.APLIC.FIN.AVISO PREV - CAPTACAO,"-3.165,18"
cudwra1t5wfnsuwz3x6pg5uy,5/12/2024,RESG.APLIC.FIN.AVISO PREV - CAPTACAO,"-4.041,10"
n0g6kktfncnahithhu5nlo5e,9/12/2024,RESG.APLIC.FIN.AVISO PREV - CAPTACAO,"-5.324,24"
bbpnl9fuh410n6d4yw8kwzia,10/12/2024,RESG.APLIC.FIN.AVISO PREV - CAPTACAO,"-11,00"
otwhoh8wx22wluzngnhk3anr,11/12/2024,RESG.APLIC.FIN.AVISO PREV - CAPTACAO,"-1.013,53"
txo51sjot4puz88r1bdi2ycy,12/12/2024,APLICACAO FINANCEIRA - CAPTACAO,"1.709,56"
p4fb75k62c7lolvjexh0vq1k,13/12/2024,APLICACAO FINANCEIRA - CAPTACAO,"6.028,40"
zmwgz7bf1nn5uod0cr68lxez,16/12/2024,RESG.APLIC.FIN.AVISO PREV - CAPTACAO,"-5.543,02"
wb500nkfd6b22gf3wjpdsna5,16/12/2024,RESG.APLIC.FIN.AVISO PREV - CAPTACAO,"-1.682,12"
ap9qlpjm1t53ibzdbiob2klh,16/12/2024,RESG.APLIC.FIN.AVISO PREV - CAPTACAO,"-1.709,69"
a4pllszvcelhr8nw395z7k08,16/12/2024,RESG.APLIC.FIN.AVISO PREV - CAPTACAO,"-2.052,25"
titd7poazkd8gyg2j1gaefwp,18/12/2024,RESG.APLIC.FIN.AVISO PREV - CAPTACAO,"-737,31"
ns3jvmpmah6myb5ofd48ba4a,19/12/2024,RESG.APLIC.FIN.AVISO PREV - CAPTACAO,"-275,00"
lgejwzfcn9leggnmvqur2d9s,20/12/2024,RESG.APLIC.FIN.AVISO PREV - CAPTACAO,"-69,37"
oztf5godbwjel9cacf7mzy8k,24/12/2024,APLICACAO FINANCEIRA - CAPTACAO,"18.881,71"
lnpbz005lsa19a79snj2x4rs,26/12/2024,RESG.APLIC.FIN.AVISO PREV - CAPTACAO,"-2.550,25"
j7tbbdmfthgc98sdc76uql4x,27/12/2024,APLICACAO FINANCEIRA - CAPTACAO,"7.794,37"
gy9zzboxbittolih6qhh2qm3,30/12/2024,RESG.APLIC.FIN.AVISO PREV - CAPTACAO,"-347,19"
sc3c3qei9wh4fg4tawmi9fcf,30/12/2024,RESG.APLIC.FIN.AVISO PREV - CAPTACAO,"-663,64"
dassfrfgvixcox28k2uj6lpy,31/12/2024,Juros Bancários,"35,75"
quh4vmm7e2ovnsscin92k8ql,2/1/2025,RESG.APLIC.FIN.AVISO PREV - CAPTACAO,"-7.493,36"
iownurim6etw8ling1524cg4,3/1/2025,RESG.APLIC.FIN.AVISO PREV - CAPTACAO,"-267,49"
d3269emnoewmmtuaf38spckz,6/1/2025,APLICACAO FINANCEIRA - CAPTACAO,"2.953,41"
rgpce3uat3biyhsqd5dy26po,7/1/2025,RESG.APLIC.FIN.AVISO PREV - CAPTACAO,"-10.469,98"
t8invcx3spk3k201269wlb9a,7/1/2025,RESG.APLIC.FIN.AVISO PREV - CAPTACAO,"-7.798,65"
fnqj5raqbw3ctmvldx00tq03,7/1/2025,RESG.APLIC.FIN.AVISO PREV - CAPTACAO,"-1.798,51"
wbsm88qaapjczmmppc2l90wx,10/1/2025,APLICACAO FINANCEIRA - CAPTACAO,"3.579,56"
ovacclg7qi9zagf9wymwptdu,13/1/2025,APLICACAO FINANCEIRA - CAPTACAO,"1.814,77"
ly4h453kx22sfcvnvobow174,16/1/2025,RESG.APLIC.FIN.AVISO PREV - CAPTACAO,"-789,17"
rxf164xmp282oesfk9mqf86x,17/1/2025,RESG.APLIC.FIN.AVISO PREV - CAPTACAO,"-366,60"
tdo7zpob80kzi4sthvuyoe2h,17/1/2025,RESG.APLIC.FIN.AVISO PREV - CAPTACAO,"-2.133,40"
r6j48o3x6vxzh7rf3wy2ovzm,20/1/2025,APLICACAO FINANCEIRA - CAPTACAO,"13.804,88"
fzofmiruc89yzu57guscwso2,21/1/2025,RESG.APLIC.FIN.AVISO PREV - CAPTACAO,"-1.447,73"
w5yobiaey7hmu10vwqbnilpu,21/1/2025,RESG.APLIC.FIN.AVISO PREV - CAPTACAO,"-1.815,50"
xdo8agai6ubu4vvt6spi6w0l,21/1/2025,RESG.APLIC.FIN.AVISO PREV - CAPTACAO,"-2.776,02"
mjsjchdu45wiybf38b9c87pq,22/1/2025,RESG.APLIC.FIN.AVISO PREV - CAPTACAO,"-200,00"
qjbmj8xpkm0idxg74jvcx62g,23/1/2025,RESG.APLIC.FIN.AVISO PREV - CAPTACAO,"-383,62"
z220mo0a97ldp2motvpegv63,24/1/2025,RESG.APLIC.FIN.AVISO PREV - CAPTACAO,"-5.704,85"
g84sy06s9coll6tbaaqp7yfo,28/1/2025,APLICACAO FINANCEIRA - CAPTACAO,"5.012,23"
h7hzvsitis9f4ljxogflqsb1,29/1/2025,APLICACAO FINANCEIRA - CAPTACAO,"1.263,24"
d4q4ytwpzuh2tqfju7t4e8zk,30/1/2025,APLICACAO FINANCEIRA - CAPTACAO,"367,43"
hgf0y28ng19mid2ji07xfhvn,31/1/2025,RESG.APLIC.FIN.AVISO PREV - CAPTACAO,"-799,00"
n32kb821spjx0eu2zapylfu5,31/1/2025,Juros Bancários,"19,71"
ets1ewhawtd8u1whxhbjs63s,03/02/2025,RESG.APLIC.FIN.AVISO PREV-CAPTACAO - 16736833036,"-1.301,93"
sqh94sm6ec07k2uom5cz78dz,04/02/2025,RESG.APLIC.FIN.AVISO PREV-CAPTACAO - 16753002954,"-2.646,24"
czl88yubpe2v5ct3kir9uwba,04/02/2025,RESG.APLIC.FIN.AVISO PREV-CAPTACAO - 16753002968,"-5.013,79"
jj3i92pl4fobgxl969pquxn8,04/02/2025,RESG.APLIC.FIN.AVISO PREV-CAPTACAO - 16753002980,"-418,31"
hbkr6nd44v6oen6z3khcuct7,05/02/2025,APLICACAO FINANCEIRA-CAPTACAO - 16767961677,"5.832,86"
dre8xatuj805qtts56vcp16d,07/02/2025,APLICACAO FINANCEIRA-CAPTACAO - 16816817997,"63.218,39"
fyhyi427jqmrkrq2qj7c84l2,10/02/2025,RESG.APLIC.FIN.AVISO PREV-CAPTACAO - 16830828835,"-845,74"
w9pn52zgcgcpr69ev6mvcplz,10/02/2025,RESG.APLIC.FIN.AVISO PREV-CAPTACAO - 16830828855,"-367,69"
bapzl3szu95zxv6mfqw2ms5m,10/02/2025,RESG.APLIC.FIN.AVISO PREV-CAPTACAO - 16830828868,"-5.833,66"
o2lb360ofv1wisalti33arsc,10/02/2025,RESG.APLIC.FIN.AVISO PREV-CAPTACAO - 16830828879,"-5.277,57"
w3dye8zhnk2hjdsqjucv05t5,11/02/2025,APLICACAO FINANCEIRA-CAPTACAO - 16844152138,"3.464,82"
lnw6fs0tizijvcf0bwj2kfxn,12/02/2025,APLICACAO FINANCEIRA-CAPTACAO - 16855510939,"1.856,08"
x3h6nirq67dheoooidaxktfn,13/02/2025,APLICACAO FINANCEIRA-CAPTACAO - 16867936209,"1.899,58"
t7hyo2w6mn3kxr6mowa137lj,14/02/2025,RESG.APLIC.FIN.AVISO PREV-CAPTACAO - 16894324881,"-4.343,38"
d7feivydwdx8jmgj3hhjho9s,17/02/2025,RESG.APLIC.FIN.AVISO PREV-CAPTACAO - 16905731462,"-45.347,61"
dl1j8vlplji6k7o6m2gbpyhz,20/02/2025,APLICACAO FINANCEIRA-CAPTACAO - 16942793622,"16.845,95"
ccit8gsg8hsq35p7vqbyv16t,21/02/2025,RESG.APLIC.FIN.AVISO PREV-CAPTACAO - 16966719852,"-8.286,37"
rj3c89kwlj4u9y4pdoly8rbt,21/02/2025,RESG.APLIC.FIN.AVISO PREV-CAPTACAO - 16966719864,"-2.966,12"
k857fxq5arvv5ooznsix1cul,25/02/2025,APLICACAO FINANCEIRA-CAPTACAO - 16990201969,"25.394,70"
zopitbv3g31c91b24lfoduz1,26/02/2025,RESG.APLIC.FIN.AVISO PREV-CAPTACAO - 17001831081,"-501,59"
feu2lbowoi6csl74vi5s94ar,26/02/2025,RESG.APLIC.FIN.AVISO PREV-CAPTACAO - 17001831093,"-1.858,41"
z3e22bhi0khurdlj0evogesa,26/02/2025,RESG.APLIC.FIN.AVISO PREV-CAPTACAO - 17001831107,"-1.901,59"
s5oytcfy93a5prlxvjzeixtf,26/02/2025,RESG.APLIC.FIN.AVISO PREV-CAPTACAO - 17001831119,"-16.849,54"
apetynal4qr2o0fzlb7mcm1o,26/02/2025,RESG.APLIC.FIN.AVISO PREV-CAPTACAO - 17001831135,"-3.412,72"
zwj0aunjg4omoks0thd8j7fo,27/02/2025,RESG.APLIC.FIN.AVISO PREV-CAPTACAO - 17016909458,"-3.200,00"
d9kvkzz9aql9ilsjo90jko61,28/02/2025,RESG.APLIC.FIN.AVISO PREV-CAPTACAO - 17058093314,"-1.626,33"
xbbkahev2dhhvg474vv6h1pw,28/02/2025,Juros Bancários,"53,86"
jfazx7f4eejyehq33fc47su1,28/2/2025,Ajuste de Saldo,"-0,01"
o1dqe20wu0dfxp3l9vtt2ege,05/03/2025,RESG.APLIC.FIN.AVISO PREV-CAPTACAO - 17082673973,"-9.365,48"
w9dp5u0nj65ic51pl8bi1b0l,06/03/2025,APLICACAO FINANCEIRA-CAPTACAO - 17102917299,"9.762,24"
k4eqgtgtfvku6mn3yq0imckd,07/03/2025,RESG.APLIC.FIN.AVISO PREV-CAPTACAO - 17137294818,"-7.797,41"
yru6e8uoik6i0yzjhhheyb9p,07/03/2025,RESG.APLIC.FIN.AVISO PREV-CAPTACAO - 17137294837,"-3.619,08"
daufg43l5w16a59q1pvs6c1n,10/03/2025,APLICACAO FINANCEIRA-CAPTACAO - 17151541439,"5.888,10"
mv7s5t982mrfpwu2qraebcav,12/03/2025,APLICACAO FINANCEIRA-CAPTACAO - 17177770421,"11.220,72"
ukjpak0c1ogf2lcjairhb3m8,13/03/2025,APLICACAO FINANCEIRA-CAPTACAO - 17190788619,"3.400,63"
axiiy7e2nof27lybbnyvu126,17/03/2025,RESG.APLIC.FIN.AVISO PREV-CAPTACAO - 17229818931,"-955,28"
or8v4i9jq5d71gg1y4sgrrx0,18/03/2025,RESG.APLIC.FIN.AVISO PREV-CAPTACAO - 17241492599,"-774,68"
soj4as0ug129q1x5185qctoy,20/03/2025,APLICACAO FINANCEIRA-CAPTACAO - 17267742731,"10.104,20"
c6uhbreyc0nc29g5bl8fi2jh,21/03/2025,RESG.APLIC.FIN.AVISO PREV-CAPTACAO - 17291787277,"-2.754,00"
s0ovbrde2m5sg905hj6lfqe4,24/03/2025,RESG.APLIC.FIN.AVISO PREV-CAPTACAO - 17303904159,"-1.667,86"
psm7s0a3s9161zbhr7e71u1m,24/03/2025,RESG.APLIC.FIN.AVISO PREV-CAPTACAO - 17303904172,"-5.095,83"
sgavnay74dntnni2xpbywwi1,25/03/2025,APLICACAO FINANCEIRA-CAPTACAO - 17315307595,"5.012,23"
avqlyi7x5er0oxwhvmkyck5y,26/03/2025,APLICACAO FINANCEIRA-CAPTACAO - 17326548519,"475,15"
weol5frfuemr1bm9cwufzcpl,28/03/2025,APLICACAO FINANCEIRA-CAPTACAO - 17364837717,"517,43"
g6q74138moxtdg7ex8cu17a9,31/03/2025,RESG.APLIC.FIN.AVISO PREV-CAPTACAO - 17378595631,"-801,06"
uyu2syq2n6y505el22s4wfuo,31/03/2025,RESG.APLIC.FIN.AVISO PREV-CAPTACAO - 17378595650,"-521,95"
gw1qd7qyrmepcn657me5k1v0,31/03/2025,Juros Bancários,"67,90"
jh391elp9dx4s3fkaoqjbiq8,1/4/2025,RESG.APLIC.FIN.AVISO PREV-CAPTACAO - 17398976028,"-10.727,83"
i8ltziy16r0gaodrlp1bms0p,1/4/2025,RESG.APLIC.FIN.AVISO PREV-CAPTACAO - 17398976125,"-625,08"
r2vg4z8fcb7pqefyofoelvn7,3/4/2025,RESG.APLIC.FIN.AVISO PREV-CAPTACAO - 17429464916,"-327,31"
yolvj8ifwshh3242au0ps1am,7/4/2025,APLICACAO FINANCEIRA-CAPTACAO - 17474294694,"1.030,18"
poy95o9y86e88xrhpfhf83uv,9/4/2025,RESG.APLIC.FIN.AVISO PREV-CAPTACAO - 17505974944,"-349,00"
sq7acobglf3hk6x48byc46e4,10/4/2025,RESG.APLIC.FIN.AVISO PREV-CAPTACAO - 17519689547,"-11,00"
fmyncf7utmvl82qr5wnhjwar,11/4/2025,APLICACAO FINANCEIRA-CAPTACAO - 17547302722,"5.320,90"
ye27v57jcht27q5vpd08nryk,15/4/2025,APLICACAO FINANCEIRA-CAPTACAO - 17575143501,"4.520,35"
h5cljmo3n7hckn5gxacsjt24,17/4/2025,APLICACAO FINANCEIRA-CAPTACAO - 17625255109,"6.230,42"
fb0c4h8cq1y2q4jce9zu6rid,22/4/2025,RESG.APLIC.FIN.AVISO PREV-CAPTACAO - 17637376216,"-2.107,77"
w4ack2kcornpyay8tb2y3bzw,22/4/2025,RESG.APLIC.FIN.AVISO PREV-CAPTACAO - 17637376236,"-10.164,90"
xqqnfddt6vcnayz4z65rnrrm,22/4/2025,RESG.APLIC.FIN.AVISO PREV-CAPTACAO - 17637376259,"-803,24"
uxl45hws4ideknqqq34ottz4,23/4/2025,RESG.APLIC.FIN.AVISO PREV-CAPTACAO - 17648919564,"-25,00"
p2991at79mnrbn8omfe4rhfa,24/4/2025,APLICACAO FINANCEIRA-CAPTACAO - 17662254534,"11.150,20"
k904mc2znnu21adp4ukqjz4s,25/4/2025,RESG.APLIC.FIN.AVISO PREV-CAPTACAO - 17686163144,"-4.213,15"
y4v6hiivx5pld3gyjkv7xvub,25/4/2025,RESG.APLIC.FIN.AVISO PREV-CAPTACAO - 17686163157,"-477,86"
dmrquln6jpjqfcau0ng0h6gu,25/4/2025,RESG.APLIC.FIN.AVISO PREV-CAPTACAO - 17686163171,"-519,94"
pi9sr6zw6e6conlntxjeou31,25/4/2025,RESG.APLIC.FIN.AVISO PREV-CAPTACAO - 17686163186,"-1.032,30"
oelt4ty9sk861zssfb0beku4,25/4/2025,RESG.APLIC.FIN.AVISO PREV-CAPTACAO - 17686163197,"-2.989,94"
s4c48czeu8ngu0loxm23epjg,28/4/2025,RESG.APLIC.FIN.AVISO PREV-CAPTACAO - 17698156898,"-2.337,60"
h14v8gfpm52sefgvagn0i0tc,28/4/2025,RESG.APLIC.FIN.AVISO PREV-CAPTACAO - 17698156915,"-4.524,33"
f8ecuwxrfho6xolk5f9n73hp,28/4/2025,RESG.APLIC.FIN.AVISO PREV-CAPTACAO - 17698156927,"-6.233,72"
fqer7iztootu2tqr15wsgivm,28/4/2025,RESG.APLIC.FIN.AVISO PREV-CAPTACAO - 17698156936,"-5.054,35"
inz4r4lj5zl4icrmu6jt2d67,29/4/2025,APLICACAO FINANCEIRA-CAPTACAO - 17713511287,"6.275,47"
hkk77tqtiv0jetdshbv2f0xp,30/4/2025,APLICACAO FINANCEIRA-CAPTACAO - 17734006536,"517,43"
j7ipszg8vzuc9vg8nfrd2tar,30/4/2025,Juros Bancários,"116,69"
ciiu21v9usrc48ya4r4gth19,2/5/2025,RESG.APLIC.FIN.AVISO PREV-CAPTACAO - 17771036456,"-6.038,78"
rub04l4wq01e4vdh05zwz8oi,5/5/2025,RESG.APLIC.FIN.AVISO PREV-CAPTACAO - 17787219552,"-59,85"
hr0jikkbah6o0p5epnooaehd,5/5/2025,RESG.APLIC.FIN.AVISO PREV-CAPTACAO - 17787219570,"-2.999,17"
oux5s4ig1y9869n79fk8qcrh,6/5/2025,APLICACAO FINANCEIRA-CAPTACAO - 17804320846,"11.378,51"
wkjbyvvpchmim4gtgjgb97p7,7/5/2025,RESG.APLIC.FIN.AVISO PREV-CAPTACAO - 17818859522,"-1.319,00"
qogwt77rzpz7zq0b2b24qq91,8/5/2025,RESG.APLIC.FIN.AVISO PREV-CAPTACAO - 17833865449,"-1.959,35"
lkdhdbd754lpbtjwptmqs2xu,8/5/2025,RESG.APLIC.FIN.AVISO PREV-CAPTACAO - 17833865463,"-517,64"
n1dns9rey6b1bh1v8h7ly48b,8/5/2025,RESG.APLIC.FIN.AVISO PREV-CAPTACAO - 17833865478,"-1.688,18"
oaor6so7hoeoye7cpv6g9451,12/5/2025,APLICACAO FINANCEIRA-CAPTACAO - 17879083047,"1.071,08"
vhwzzrhjl1551a42k9ei6ber,13/5/2025,APLICACAO FINANCEIRA-CAPTACAO - 17892566021,"3.550,63"
ns7xjtbpdk7jqe1cappby9xu,14/5/2025,APLICACAO FINANCEIRA-CAPTACAO - 17906963967,"39.097,28"
gc5in2pf9k227hnz2xxnn5sc,15/5/2025,RESG.APLIC.FIN.AVISO PREV-CAPTACAO - 17919749812,"-9.696,35"
aa0rev1ww9klua7uhr8vyzhn,15/5/2025,RESG.APLIC.FIN.AVISO PREV-CAPTACAO - 17919749828,"-1.071,19"
wwpjgd4l2btpljw30ea5csdl,15/5/2025,RESG.APLIC.FIN.AVISO PREV-CAPTACAO - 17919749836,"-3.550,78"
ndxvy9fqg7whkskekbwq2hx1,15/5/2025,RESG.APLIC.FIN.AVISO PREV-CAPTACAO - 17919749853,"-19.690,19"
dk4991m4mk4dmx2q3humcraf,19/5/2025,RESG.APLIC.FIN.AVISO PREV-CAPTACAO - 17958209283,"-1.050,00"
s5olil0uhgn0l6hp8xbzifn6,20/5/2025,APLICACAO FINANCEIRA-CAPTACAO - 17969888463,"8.014,96"
uda18nltencofmoi9zi88lru,21/5/2025,APLICACAO FINANCEIRA-CAPTACAO - 17980991721,"8.270,54"
nmx1t7degt7si6w01hdeueaj,22/5/2025,APLICACAO FINANCEIRA-CAPTACAO - 17992945271,"11.273,20"
j9obstiy5m8338qbl5jzv0i4,23/5/2025,RESG.APLIC.FIN.AVISO PREV-CAPTACAO - 18017284275,"-399,00"
pcifaesh0h1rk44e3kzwpaxy,26/5/2025,APLICACAO FINANCEIRA-CAPTACAO - 18028300008,"5.122,46"
qpgcwbdk91rmfcborpyeth3c,27/5/2025,RESG.APLIC.FIN.AVISO PREV-CAPTACAO - 18039525670,"-6.712,85"
oi41libwicr689lohovnqxif,28/5/2025,RESG.APLIC.FIN.AVISO PREV-CAPTACAO - 18050439254,"-1.800,00"
yi5pibzaiygkc1xcb92eqi4o,29/5/2025,APLICACAO FINANCEIRA-CAPTACAO - 18064662237,"1.262,24"
spo60whineq4poa4j7uw2wl9,30/5/2025,RESG.APLIC.FIN.AVISO PREV-CAPTACAO - 18085037314,"-9.474,31"
gphisdsaflcmxyszr6qwfc7p,30/5/2025,RESG.APLIC.FIN.AVISO PREV-CAPTACAO - 18085037394,"-8.021,39"
dddnpcjpg3y878e1ejuh93wx,30/5/2025,RESG.APLIC.FIN.AVISO PREV-CAPTACAO - 18085037416,"-8.275,67"
e3lgv9wkxt0jxzjue881uf67,30/5/2025,RESG.APLIC.FIN.AVISO PREV-CAPTACAO - 18085037442,"-11.278,59"
xz65295ghtu1yomcu5xxgkhb,30/5/2025,RESG.APLIC.FIN.AVISO PREV-CAPTACAO - 18085037460,"-5.123,31"
stedz9f947yz45o5q4j9r92v,30/5/2025,RESG.APLIC.FIN.AVISO PREV-CAPTACAO - 18085037485,"-1.262,26"
ox7mt3fukh1cb24jdpvy2pi1,30/5/2025,APLICACAO FINANCEIRA-CAPTACAO - 18091263273,"11.526,03"
ancigunymfrvl8a85sn6ncmv,30/5/2025,Juros Bancários,"56,05"
qysvankt778vrr2l8ab58b5v,02/06/2025,RESG.APLIC.FIN.AVISO PREV-CAPTACAO - 18111945987,"-8.852,19"
mh3g4rka3jgmgav9d0ibbqpu,05/06/2025,APLICACAO FINANCEIRA-CAPTACAO - 18158812712,"3.079,41"
y4brqq9zpdsw1zmnfk367yb0,09/06/2025,RESG.APLIC.FIN.AVISO PREV-CAPTACAO - 18207351180,"-2.675,72"
beiw6ckns86yq8kk1a3gpkt7,09/06/2025,RESG.APLIC.FIN.AVISO PREV-CAPTACAO - 18207351214,"-2.881,04"
nxat1m9wfyjm9r891lcai1nq,10/06/2025,APLICACAO FINANCEIRA-CAPTACAO - 18220872805,"2.200,68"
wndz6ojjsnh8x4r8ucahmyrw,11/06/2025,APLICACAO FINANCEIRA-CAPTACAO - 18234872146,"1.598,67"
erts7btplf7npza7o2q23mlf,12/06/2025,APLICACAO FINANCEIRA-CAPTACAO - 18247920371,"3.507,13"
an8gbwmdx0hl4ellxeuxaeye,13/06/2025,APLICACAO FINANCEIRA-CAPTACAO - 18275271048,"33.220,30"
gsroqkqcvlqjbj0deswp4jp7,16/06/2025,RESG.APLIC.FIN.AVISO PREV-CAPTACAO - 18287476103,"-198,77"
txynud54sof4okwmu9eqt6z8,16/06/2025,RESG.APLIC.FIN.AVISO PREV-CAPTACAO - 18287476117,"-1.669,51"
osp03cktsefl73gdsog35ld9,18/06/2025,APLICACAO FINANCEIRA-CAPTACAO - 18320572965,"1.808,50"
g16jgony874tnrolteju1ed6,20/06/2025,APLICACAO FINANCEIRA-CAPTACAO - 18345162552,"1.847,87"
ra488dip5ujz1pe3zrcflh0y,23/06/2025,RESG.APLIC.FIN.AVISO PREV-CAPTACAO - 18356062388,"-532,13"
bakvm1p23b5q9hrc6anjtakv,23/06/2025,RESG.APLIC.FIN.AVISO PREV-CAPTACAO - 18356062398,"-1.600,00"
jb0fzu4mnogy5us4xsw9kkk3,23/06/2025,RESG.APLIC.FIN.AVISO PREV-CAPTACAO - 18356062408,"-3.509,44"
j6p7yi08fe4zhd32gcy4s158,23/06/2025,RESG.APLIC.FIN.AVISO PREV-CAPTACAO - 18356062419,"-33.237,00"
l5w7s1qrwroeiq8bfoy12131,23/06/2025,RESG.APLIC.FIN.AVISO PREV-CAPTACAO - 18356062428,"-1.808,69"
c9gtrgukwn22v0tjrqk72x8c,23/06/2025,RESG.APLIC.FIN.AVISO PREV-CAPTACAO - 18356062435,"-1.847,94"
aritwczsqpkcb5mhej7m7uhq,24/06/2025,APLICACAO FINANCEIRA-CAPTACAO - 18368507688,"35,20"
c45jo2o59d97nmh458w9nlef,25/06/2025,APLICACAO FINANCEIRA-CAPTACAO - 18379695171,"4.534,12"
gdlirzi3qgczfxgauomnnj2e,26/06/2025,APLICACAO FINANCEIRA-CAPTACAO - 18392323244,"3.496,02"
hlej8rob8ric9nipmbeg97qa,30/06/2025,APLICACAO FINANCEIRA-CAPTACAO - 18432012065,"1.581,76"
sjsx7g78n7525ktwa0er0ocw,30/06/2025,Juros Bancários,"25,09"